-- 1. Insert Items for the final goods
INSERT INTO items (id, franchise_group_id, restaurant_id, category_id, name, sku, type, purchasing_uom, inventory_uom, recipe_uom, inv_to_recipe_ratio, is_active)
VALUES
  ('c0000000-0000-0000-0000-000000000001', 'a0000000-0000-0000-0000-000000000001', 'b0000000-0000-0000-0000-000000000001', 'd0000000-0000-0000-0000-000000000001', 'CHEESY SMASH (RECIPE)', 'REC-001', 'PREP', 'PIECE', 'PIECE', 'PIECE', 1, true),
  ('c0000000-0000-0000-0000-000000000002', 'a0000000-0000-0000-0000-000000000001', 'b0000000-0000-0000-0000-000000000001', 'd0000000-0000-0000-0000-000000000001', 'CHEESY BACON (RECIPE)', 'REC-002', 'PREP', 'PIECE', 'PIECE', 'PIECE', 1, true),
  ('c0000000-0000-0000-0000-000000000003', 'a0000000-0000-0000-0000-000000000001', 'b0000000-0000-0000-0000-000000000001', 'd0000000-0000-0000-0000-000000000001', 'HRANOLKY (RECIPE)', 'REC-003', 'PREP', 'PIECE', 'PIECE', 'PIECE', 1, true),
  ('c0000000-0000-0000-0000-000000000004', 'a0000000-0000-0000-0000-000000000001', 'b0000000-0000-0000-0000-000000000001', 'd0000000-0000-0000-0000-000000000001', 'CHEESY SMASH COMBO (RECIPE)', 'REC-004', 'PREP', 'PIECE', 'PIECE', 'PIECE', 1, true),
  ('c0000000-0000-0000-0000-000000000005', 'a0000000-0000-0000-0000-000000000001', 'b0000000-0000-0000-0000-000000000001', 'd0000000-0000-0000-0000-000000000001', 'CHEESY BACON COMBO (RECIPE)', 'REC-005', 'PREP', 'PIECE', 'PIECE', 'PIECE', 1, true)
ON CONFLICT (id) DO NOTHING;

-- 2. Insert Recipes
INSERT INTO recipes (id, franchise_group_id, restaurant_id, produces_item_id, yield_quantity)
VALUES
  ('r0000000-0000-0000-0000-000000000001', 'a0000000-0000-0000-0000-000000000001', 'b0000000-0000-0000-0000-000000000001', 'c0000000-0000-0000-0000-000000000001', 1),
  ('r0000000-0000-0000-0000-000000000002', 'a0000000-0000-0000-0000-000000000001', 'b0000000-0000-0000-0000-000000000001', 'c0000000-0000-0000-0000-000000000002', 1),
  ('r0000000-0000-0000-0000-000000000003', 'a0000000-0000-0000-0000-000000000001', 'b0000000-0000-0000-0000-000000000001', 'c0000000-0000-0000-0000-000000000003', 1),
  ('r0000000-0000-0000-0000-000000000004', 'a0000000-0000-0000-0000-000000000001', 'b0000000-0000-0000-0000-000000000001', 'c0000000-0000-0000-0000-000000000004', 1),
  ('r0000000-0000-0000-0000-000000000005', 'a0000000-0000-0000-0000-000000000001', 'b0000000-0000-0000-0000-000000000001', 'c0000000-0000-0000-0000-000000000005', 1)
ON CONFLICT (id) DO NOTHING;

-- 3. Insert Recipe Ingredients
INSERT INTO recipe_ingredients (id, recipe_id, item_id, quantity)
VALUES
  -- CHEESY SMASH (BUNS:1, MEAT:150, CHEDDAR:20, ICEBERG SALAD:10)
  (gen_random_uuid(), 'r0000000-0000-0000-0000-000000000001', 'b10e1f03-c9de-474a-a37c-5edb0d558c19', 1),
  (gen_random_uuid(), 'r0000000-0000-0000-0000-000000000001', '1749f297-08cc-4307-92a2-aa5b262bbdb7', 150),
  (gen_random_uuid(), 'r0000000-0000-0000-0000-000000000001', '43673625-e665-4f53-be97-a94ada76dcbb', 20),
  (gen_random_uuid(), 'r0000000-0000-0000-0000-000000000001', '2e00e8aa-3a70-4c36-8629-fdeffcc5e66c', 10),

  -- CHEESY BACON (BUNS:1, MEAT:150, CHEDDAR:20, BACON:20)
  (gen_random_uuid(), 'r0000000-0000-0000-0000-000000000002', 'b10e1f03-c9de-474a-a37c-5edb0d558c19', 1),
  (gen_random_uuid(), 'r0000000-0000-0000-0000-000000000002', '1749f297-08cc-4307-92a2-aa5b262bbdb7', 150),
  (gen_random_uuid(), 'r0000000-0000-0000-0000-000000000002', '43673625-e665-4f53-be97-a94ada76dcbb', 20),
  (gen_random_uuid(), 'r0000000-0000-0000-0000-000000000002', 'b17c576b-ff30-4d64-9cc8-5ebaefe78f5e', 20),

  -- HRANOLKY (FRIES:150, FRIES SPICES:2)
  (gen_random_uuid(), 'r0000000-0000-0000-0000-000000000003', '940a346d-0009-4be2-a1f7-2ca147ccf62c', 150),
  (gen_random_uuid(), 'r0000000-0000-0000-0000-000000000003', 'b5de1474-0a4b-4efc-b95f-6a988a0772a5', 2),

  -- CHEESY SMASH COMBO (BUNS:1, MEAT:150, CHEDDAR:20, ICEBERG SALAD:10, FRIES:150, FRIES SPICES:2, COCA COLA:1, TAKEAWAY BAGS:1)
  (gen_random_uuid(), 'r0000000-0000-0000-0000-000000000004', 'b10e1f03-c9de-474a-a37c-5edb0d558c19', 1),
  (gen_random_uuid(), 'r0000000-0000-0000-0000-000000000004', '1749f297-08cc-4307-92a2-aa5b262bbdb7', 150),
  (gen_random_uuid(), 'r0000000-0000-0000-0000-000000000004', '43673625-e665-4f53-be97-a94ada76dcbb', 20),
  (gen_random_uuid(), 'r0000000-0000-0000-0000-000000000004', '2e00e8aa-3a70-4c36-8629-fdeffcc5e66c', 10),
  (gen_random_uuid(), 'r0000000-0000-0000-0000-000000000004', '940a346d-0009-4be2-a1f7-2ca147ccf62c', 150),
  (gen_random_uuid(), 'r0000000-0000-0000-0000-000000000004', 'b5de1474-0a4b-4efc-b95f-6a988a0772a5', 2),
  (gen_random_uuid(), 'r0000000-0000-0000-0000-000000000004', '13c3a142-2309-4989-93a3-700ccb7c6faf', 1),
  (gen_random_uuid(), 'r0000000-0000-0000-0000-000000000004', '2872d16b-2872-4e46-9d33-c252d4d2bccb', 1),

  -- CHEESY BACON COMBO (BUNS:1, MEAT:150, CHEDDAR:20, BACON:20, FRIES:150, FRIES SPICES:2, COCA COLA:1, TAKEAWAY BAGS:1)
  (gen_random_uuid(), 'r0000000-0000-0000-0000-000000000005', 'b10e1f03-c9de-474a-a37c-5edb0d558c19', 1),
  (gen_random_uuid(), 'r0000000-0000-0000-0000-000000000005', '1749f297-08cc-4307-92a2-aa5b262bbdb7', 150),
  (gen_random_uuid(), 'r0000000-0000-0000-0000-000000000005', '43673625-e665-4f53-be97-a94ada76dcbb', 20),
  (gen_random_uuid(), 'r0000000-0000-0000-0000-000000000005', 'b17c576b-ff30-4d64-9cc8-5ebaefe78f5e', 20),
  (gen_random_uuid(), 'r0000000-0000-0000-0000-000000000005', '940a346d-0009-4be2-a1f7-2ca147ccf62c', 150),
  (gen_random_uuid(), 'r0000000-0000-0000-0000-000000000005', 'b5de1474-0a4b-4efc-b95f-6a988a0772a5', 2),
  (gen_random_uuid(), 'r0000000-0000-0000-0000-000000000005', '13c3a142-2309-4989-93a3-700ccb7c6faf', 1),
  (gen_random_uuid(), 'r0000000-0000-0000-0000-000000000005', '2872d16b-2872-4e46-9d33-c252d4d2bccb', 1);

-- 4. Insert POS Mappings
INSERT INTO menu_item_mappings (id, restaurant_id, raw_excel_string, recipe_id)
VALUES
  (gen_random_uuid(), 'b0000000-0000-0000-0000-000000000001', 'CHEESY SMASH', 'r0000000-0000-0000-0000-000000000001'),
  (gen_random_uuid(), 'b0000000-0000-0000-0000-000000000001', 'CHEESY BACON', 'r0000000-0000-0000-0000-000000000002'),
  (gen_random_uuid(), 'b0000000-0000-0000-0000-000000000001', 'HRANOLKY', 'r0000000-0000-0000-0000-000000000003'),
  (gen_random_uuid(), 'b0000000-0000-0000-0000-000000000001', 'CHEESY SMASH COMBO', 'r0000000-0000-0000-0000-000000000004'),
  (gen_random_uuid(), 'b0000000-0000-0000-0000-000000000001', 'CHEESY BACON COMBO', 'r0000000-0000-0000-0000-000000000005'),
  (gen_random_uuid(), 'b0000000-0000-0000-0000-000000000001', 'CH CHEESY BACON COMBO', 'r0000000-0000-0000-0000-000000000005');
